Entidad,Documento,Fecha alerta,Fecha vencimiento
T9 | AE280BQ,(RTO) Revision Tecnica Obligatoria,13/12/2030,13/12/2030
B3 | AH668CL,(RTO) Revision Tecnica Obligatoria,13/12/2030,13/12/2030
A2 | AE289HV,(RTO) Revision Tecnica Obligatoria,13/12/2030,13/12/2030
C2 | AE296KI,(RTO) Revision Tecnica Obligatoria,13/12/2030,13/12/2030
S20 | AG807KF,(RTO) Revision Tecnica Obligatoria,13/12/2030,13/12/2030
T13 | AF206YP,(RTO) Revision Tecnica Obligatoria,13/12/2030,13/12/2030
T1 | PMP580,(RTO) Revision Tecnica Obligatoria,13/12/2030,13/12/2030
S15 | AF550IG,(RTO) Revision Tecnica Obligatoria,13/12/2030,13/12/2030
S8 | AE289HA,(RTO) Revision Tecnica Obligatoria,13/12/2030,13/12/2030
B4 | AH669DS,(RTO) Revision Tecnica Obligatoria,13/12/2030,13/12/2030
S12 | AE099ZL,(RTO) Revision Tecnica Obligatoria,13/12/2030,13/12/2030
B5 | AH889OU,(RTO) Revision Tecnica Obligatoria,13/12/2030,13/12/2030
T20 | AG807KZ,(RTO) Revision Tecnica Obligatoria,13/12/2030,13/12/2030
T10 | AE468CL,(RTO) Revision Tecnica Obligatoria,13/12/2030,13/12/2030
S21 | AG852PB,(RTO) Revision Tecnica Obligatoria,13/12/2030,13/12/2030
S10 | AF074SD,(RTO) Revision Tecnica Obligatoria,13/12/2030,13/12/2030
S1 | HPG716,(RTO) Revision Tecnica Obligatoria,13/12/2030,13/12/2030
S9 | AD967AK,(RTO) Revision Tecnica Obligatoria,13/12/2030,13/12/2030
T18 | AG318SC,(RTO) Revision Tecnica Obligatoria,13/12/2030,13/12/2030
A1 | NYH675,(RTO) Revision Tecnica Obligatoria,13/12/2030,13/12/2030
T3 | PBZ608,(RTO) Revision Tecnica Obligatoria,13/12/2030,13/12/2030
T21 | AH062LG,(RTO) Revision Tecnica Obligatoria,13/12/2030,13/12/2030
T5 | AC214WS,(RTO) Revision Tecnica Obligatoria,13/12/2030,13/12/2030
T15 | AA831MG,(RTO) Revision Tecnica Obligatoria,13/12/2030,13/12/2030
S16 | AF733GV,(RTO) Revision Tecnica Obligatoria,13/12/2030,13/12/2030
S6 | AE482SO,(RTO) Revision Tecnica Obligatoria,13/12/2030,13/12/2030
S22 | AH191HA,(RTO) Revision Tecnica Obligatoria,13/12/2030,13/12/2030
T16 | AF713FD,(RTO) Revision Tecnica Obligatoria,13/12/2030,13/12/2030
T12 | AF087FB,(RTO) Revision Tecnica Obligatoria,13/12/2030,13/12/2030
S3 | NXU365,(RTO) Revision Tecnica Obligatoria,13/12/2030,13/12/2030
T7 | AD237PY,(RTO) Revision Tecnica Obligatoria,13/12/2030,13/12/2030
T27 | AI063WC,(RTO) Revision Tecnica Obligatoria,13/12/2030,13/12/2030
B7 | AI063WD,(RTO) Revision Tecnica Obligatoria,13/12/2030,13/12/2030
T22 | AH246JP,(RTO) Revision Tecnica Obligatoria,13/12/2030,13/12/2030
T23 | AH299OI,(RTO) Revision Tecnica Obligatoria,13/12/2030,13/12/2030
B1 | AH246JT,(RTO) Revision Tecnica Obligatoria,13/12/2030,13/12/2030
T28 | AI079TC,(RTO) Revision Tecnica Obligatoria,13/12/2030,13/12/2030
S2 | NCP232,(RTO) Revision Tecnica Obligatoria,13/12/2030,13/12/2030
T2 | AB159TK,(RTO) Revision Tecnica Obligatoria,13/12/2030,13/12/2030
T29 | AI079UB,(RTO) Revision Tecnica Obligatoria,13/12/2030,13/12/2030
T30 | AI079UC,(RTO) Revision Tecnica Obligatoria,13/12/2030,13/12/2030
T31 | AI079UD,(RTO) Revision Tecnica Obligatoria,13/12/2030,13/12/2030
T6 | AE219VG,(RTO) Revision Tecnica Obligatoria,13/12/2030,13/12/2030
S24 | AH400BC,(RTO) Revision Tecnica Obligatoria,13/12/2030,13/12/2030
T17 | AF969YW,(RTO) Revision Tecnica Obligatoria,13/12/2030,13/12/2030
T24 | AH492CW,(RTO) Revision Tecnica Obligatoria,13/12/2030,13/12/2030
S23 | AH400BE,(RTO) Revision Tecnica Obligatoria,13/12/2030,13/12/2030
C1 | NWR599,(RTO) Revision Tecnica Obligatoria,13/12/2030,13/12/2030
S19 | AG588UR,(RTO) Revision Tecnica Obligatoria,13/12/2030,13/12/2030
T11 | AE828EP,(RTO) Revision Tecnica Obligatoria,13/12/2030,13/12/2030
S17 | AF996UM,(RTO) Revision Tecnica Obligatoria,13/12/2030,13/12/2030
S7 | AE219VE,(RTO) Revision Tecnica Obligatoria,13/12/2030,13/12/2030
S4 | AB249CK,(RTO) Revision Tecnica Obligatoria,13/12/2030,13/12/2030
T14 | AF482AS,(RTO) Revision Tecnica Obligatoria,13/12/2030,13/12/2030
B2 | AH492CR,(RTO) Revision Tecnica Obligatoria,13/12/2030,13/12/2030
S14 | AF262MW,(RTO) Revision Tecnica Obligatoria,13/12/2030,13/12/2030
S5 | AC932AW,(RTO) Revision Tecnica Obligatoria,13/12/2030,13/12/2030
T19 | AG318SU,(RTO) Revision Tecnica Obligatoria,13/12/2030,13/12/2030
S18 | AG047MB,(RTO) Revision Tecnica Obligatoria,13/12/2030,13/12/2030
T8 | AD751NF,(RTO) Revision Tecnica Obligatoria,13/12/2030,13/12/2030
S11 | AE895JL,(RTO) Revision Tecnica Obligatoria,13/12/2030,13/12/2030
